CategoryID	CategoryName	Count
2021898	Accessories	13
205865	Acidophilus	20
2765675	ADSL оборудование	12
1981649	Adult Books	81
1980449	Adult Catalogs	8
1980650	Adult Costumes	2
1981044	Adult Dolls	134
1980351	Adult DVD	716
1980447	Adult DVD Catalog	3
1980282	Adult Educational DVDs	109
1987690	Adult Flesh Drives	16
1980280	Adult Games	358
1980440	Adult SAMPLES	4
1366327	Airline	3
214685	Alternative	10
2056975	Alternative Dairy Products	283
206277	Amino Acids	19
1386442	ANCHOVIES	19
2324679	ANTIANEMIC/PRE &POST NATAL VIT	1
2380342	ANTIANGINAL DRUGS	2
2303593	ANTIHISTAMINE & ANTIALLERGIES	3
2283960	ANTIHYPERLIPIDEMIC AGENTS	3
2307067	ANTIRHEUMATIC,ANTIINFLAM,ANALG	2
2382109	ANTITUBERCOLOSIS AGENT	3
1555863	APPLIANCES	2
223928	Asian Foods	5
1389597	ASTRINGENT	28
1728014	Automotive Parts and Accessories	327
1382774	BABY BATH SOAP	36
1382778	BABY OIL, LOTION & COLOGNE	85
1980692	Bachelorette	477
1384121	BACON	25
1384307	BAGS	94
1728979	BANANA CATSUP	16
201452	BAR SUPPLIES AND MIXERS	4
1377819	BARQUILLOS	112
2279868	BCAA	73
2278902	Beans or Peanut Butter	317
1376611	BIHON, CANTON & MISUA	42
2288206	BISCUITS	737
337189	Biscuits & Confectionary	963
1729316	Biss	116
1980401	Blowout Items	88
1457193	BODY OIL	65
1353121	Bodyart	35
1980215	Bondage	1103
4807465	Breakfast Cereal	136
188185	Breakfast Meals	13
4806277	Breakroom & Cleaning Supplies	1605
1385916	BREWED & BEANS COFFEE	38
1362666	BRUSHES & CLEANING PADS	122
1980358	Bulk Items	32
2013123	Butt plug	168
2562597	Buttermilk	17
2277397	Cachaca	9
1729796	CAKE & PASTRIES	29
1585575	CAKE DECORS	73
214657	Calcium	13
2020974	Candy, Chocolate & Sweeteners	278
2212017	Car Audio	5
1359440	Car Care	576
2027426	Cask	56
1386105	CATHETERS	15
4807507	Cheese or Tofu	138
181515	Cheesecake	175
2281661	CHEMICALS & GALINECALS	23
2570377	Chemicals, Lubricants, and Cleaners	100
1394317	CHICHARON & FISH/PRAWN CRACKERS	143
207123	Chinese Foods	4
2410471	CHOLAGOG,CHOLETHOL,HEPATIC PRO	1
208835	Chutney	6
2055428	Cider	180
900735	Cleaning Products	71
2560689	Clearance	23
1374136	CLING WRAP/FILM/WAX	24
2281291	Cocktail Bitters	28
181529	COCKTAILS	170
209111	Coffee subs	18
900461	Computer	34
2044726	Computer - server	218
2013776	Computer Accessories Cases	247
2015230	Computer Power Accessories	187
1388086	CONCENTRATED POWDERED DRINKS	336
908254	Condiments, Cooking Sauces & Pastes	131
2514427	Confec Chocolate	806
2530249	Confec Sugar	363
883240	Confectionery	1032
2520590	Confectionery Cereal	66
231399	Controller FIREWARE IEEE 1394	1
891550	Convenience Foods	109
2521710	Cooking Sauces & Acc	344
1364964	COOKING WINE	7
1730524	CORDIALS	266
7943	COSMETIC	5568
186164	COUGH & COLD	22
1372438	Count Lines	96
210258	Cous Cous/ N. African	71
215365	CPU	35
1388073	Creamer	60
2310657	CULINARY	1257
1375503	Dairies&Decoction	99
2193146	Dairy Products, Wholesale Ingredients	57
1	default	1951210
1373249	DEODORIZER	54
2014173	Desktop Accessories	283
2022351	Desktops	125
1382449	DESSICATED COCONUT	34
949259	DFRAME	4
210851	Digital Camera	791
189124	DIPS	42
1512257	DIRECT BRANDED	5
2023310	Docking Stations	51
2514216	Dry Legumes or Dry Peas	124
949270	DVD RECORDER	8
1394138	E-Pay	93
978419	Ecological Alternatives	31
979479	Elbow Fitting	215
2765677	Electrical and Audio	172
2277384	Eligible Medical Foods	4
197290	ENERGY BARS	6
212527	Ethnic Foods	39
211695	Evening Primrose Oil	88
4807142	Exempt Infant Formula (EXP)	6
1380354	FACIAL CLEANER, WASH & SCRUB	461
209138	Fake Meats	8
1368584	Fancy items	50
2581076	Fathers Day	6
1731685	FCPM	3
1424511	FERTILIZER	19
904657	Festive Products	47
1373140	FILLED MILK	44
1376160	FILLING/TOPPINGS(/SYRUP)	17
2613385	Fire Safety and Detection	28
2352182	FIRST AIDS AND INSTRUMENTS	260
1388203	FISH - FRESH WATER	47
207988	Fish Oils	27
1377011	FISH SAUCE	39
1413960	FISH/SQUID BALLS	60
432997	Flash memory	3381
214253	Flavoured Green Tea	15
1980360	Floor / Counter Displays	43
1402781	FLOOR WAX	30
2583713	FM-модуляторы (Трансмиттеры)	7
4806634	Folders, Binders & Accessories	713
1371118	FOLLOW-ON/GROWING UP MILK	181
206557	Foods Supplements	520
1396417	Fortified Wine	42
2528141	Frames And Albums	41
1411548	FRENCH FRIES	28
2554771	Frozen concentrate	23
2023762	Frozen Meals	88
183586	FRUIT SNACKS & GRANOLA BARS	23
214672	Fruit Teas	54
2058983	Fruits and Vegetables	10418
2511557	Fruits and Vegetables Canned	321
2508206	Fruits and Vegetables Fresh	1022
2507362	Fruits and Vegetables Frozen	1026
1388827	FTG-FILLED PANDESAL	26
1388854	FTG-PANDESALAN	19
1510108	FTG-QUICK MEALS	8
1373112	Full Cream Milk	99
966682	GACCESSORIES	62
2281065	Generic Breakroom & Cleaning Supplies	1445
2378432	GENITO URINARY SYSTEM	1
1507682	GERMICIDE	35
1376713	Ghee	73
1478242	GINGER POWDERED	7
1375168	GLAZE MIX/GULAMAN/SAGO	54
1377502	GLOVES & MASK	32
222921	Glucosamine	11
208079	Gluten Free	36
949219	GPS	102
2021991	Grains, Beans, & Flour	322
1367139	HABA/SUNDRIES	153
1009426	Hair Extensions	33
1540683	HAIR MEDICATED SHAMPOO	52
602130	Halloween	444
1370357	HAND & BODY LOTION	257
1382000	HAND SANITIZER	344
2527466	Handy Tray Pipe Nipple Assortments - 6	2
1980132	Hardware	10875
1981853	Hazardous Materials	34
2011059	HDD	1036
297057	Health & Personal Care	4384
1388151	HEALTH DRINK	38
2282550	HERBAL	9
2015972	Herbs, Spices & Other Ingredients	47
1980722	Holiday Items	48
1735683	Home	1479
1737272	Home Improvement	519
551086	HomeDecor	582
1381385	HONEY SYRUP	36
334545	Hot Drinks	551
894382	Hot Food	158
1980397	HS	348
2013782	Hubs and Switches	371
1659594	IM	45
210591	Indian Foods	101
2285143	Infant Cereal	21
2327040	Infant Formula	103
4807413	Infant Fruits and Vegetables	96
4808086	Infant Meats	2
1373059	INFANT'S MILK	132
2057596	Inkjet Supplies	317
4818645	IP Телефония	10
2534591	Irish	46
2276021	IT Peripherals	1359
2648636	Janitorial Products	17
205988	Japanese Foods	99
1486398	Jet Wash	29
978229	Kitchen - Cookware & Fuel	19
195246	KOSHER FOODS	76
2014245	KVM Switches	63
2562098	Lactose Free milk	4
2562095	Lactose milk - lowfat/skim	7
1739189	Lawn & Patio	368
2381905	LAXATIVES & PURGATIVES	2
1980175	Lingerie	1236
213131	Linseed	5
1376239	LOAF/LUNCHEON MEAT/SAUSAGE	176
1413237	LONGANISA, TOCINO & TAPA	93
550462	Luggage	759
1655267	LUM	540
1385192	LUMPIA & CHEESE STICKS	41
1385199	LUMPIA/MOLO/SIOMAI WRAPPER	24
183304	LUNCH MEAT	2
1992260	Mags and Comics	65
1388192	MALLOWS	65
1980458	Manufactures back order	301
1370128	MARINADE	109
186387	MARSALA	6
1385287	MAT, RUGS & POT HOLDER	24
1378962	MEAT NUGGET/MARINATED	42
1378969	MEAT SPREAD	16
4093300	Media	143857
3050776	Media - Action/Adventure	2661
3051588	Media - Action/Comedy	173
3051592	Media - Animation	1485
3051594	Media - Anime	1416
3055068	Media - Ballet	108
3050745	Media - Comedy	3270
3053267	Media - Comedy/Drama	133
3054967	Media - Dance/Ballet	52
3050849	Media - Documentary	3503
3050761	Media - Drama	3343
3051784	Media - Drama/Silent	24
3051955	Media - Exercise	847
3051861	Media - Family	2993
3053371	Media - Fantasy	134
3050790	Media - Foreign	2360
3058379	Media - Games	11
3050831	Media - Horror	1996
3080489	Media - Karaoke	30
3050765	Media - Late Night	1018
3050742	Media - Music	5127
3051791	Media - Musical	238
3051413	Media - Mystery/Suspense	574
3052008	Media - Opera	258
3079179	Media - Satire	3
3051796	Media - SciFi	820
3051798	Media - Silent	226
3053975	Media - Software	3
3050748	Media - Special Interest	8307
3050839	Media - Sports	579
3051483	Media - Suspense/Thriller	404
3050833	Media - Thriller	224
3051487	Media - TV Classics	2826
3052234	Media - VAR	581
3051816	Media - War	256
3051818	Media - Western	668
2538862	MEDICAL FORMULA	79
1369752	MEDICATED LOTION/CREAM/JELLY	10
1371731	MERCURY BRANDED	481
1590650	MERCURY GENERIC	4
1420977	MERCURY HERBAL	24
191515	MEXICAN	52
4842140	MicroSD Card	10
210445	Milk non-diary	160
210334	Milks Other	20
2514334	Miscellaneous and Other	159
1386109	MIXER	11
2740736	Mobil Rack	18
1741292	Mobile Electronics	40
2028736	Mobiles	42
2013646	Modems	33
2016717	Monitor Accessories	111
2533293	Mothers Day	17
2014976	Mounts	157
893569	MP3	176
959187	MP3ACC	4
207080	Natural and Herbal remedies	151
188165	NATURAL DAIRY	8
1362795	NET	84
2013644	Networking Accessories	282
2014120	Networking Cables	584
2013788	Networking Software	84
2013532	NIC	200
2507987	Non Food	389
2070802	NUTS & SEEDS	16
219585	Oatcakes	22
4806388	Office Consumables	1571
4806283	Office Consumables (Art, Educational & Envelopes)	711
4806396	Office Equipment	3982
1980235	ON Sale	573
2015677	Optical Drives FDD	50
336621	Oriental Food	36
1360309	Other Bottles	82
2023918	Other Consumables	281
1371409	PADS-ABSORBENT	13
4806843	Paper - Other	207
4806363	Paper - White Recycled & Virgin	56
2057625	Paper Film	258
1375573	PAPER TOWEL & TABLE TISSUE	26
2154785	Pasta, Tofu, Tempeh, & Alternative Meat Products	7
635485	PDA	34
2513854	PEANUT BUTTER DRY BEANS	211
2325015	Perfumed oil	47
1742887	Personal Care Appliances	642
1742976	Personal Computer	35
336078	Personal Hygiene	2077
207235	Pesto	12
337596	Pets	23444
1368476	Pickles	59
1360867	Pies & Pasties	58
1980362	Pills/ Sexual Enhancement	104
2727223	PIONEER	17
2527446	Pipe Nipple	422
2277367	Pisco	5
1368086	PLASTIC WARE	447
279491	PLATINUM HYDROWHEY	9
1743591	PORK & BEANS	2
2027019	Portable Audio MP3	97
1371963	Prayers	46
1377346	PRE-NATAL MILK	19
2348746	PRESCRIPTED & OTC DRUGS	6
2025232	Print Servers	10
2013918	Printer Accessories	264
1413247	PROCESSED MEAT	133
2016063	Projectors	114
1360818	PROMO PRODUCTS	1691
212793	Protein Powders	3
928499	PSLR	3
2676849	Ready Meals	18
1392792	READY-TO-COOK CRACKERS	7
211452	Rice Milks	9
1743779	RICE STICKS	4
221761	Rooibos	20
2013779	Routers	184
2347508	SALAD AID	6
1376159	SALAD DRESSING	108
1426363	SANDWICH BAG	104
1743900	SANITARY & MATERNITY NAPKIN	20
207730	Savoury Biscuits	31
983958	Savoury Snacks & Mixes	14
891556	Savoury Spreads & Vegetable Pates	11
1016131	SCAMERA	5
891540	Sea Vegetables	8
1477546	SEEDS	189
2013987	Server Accessories	146
2952729	Sex Toys	65
363351	Sex-Shop	22001
2001257	Sexy Shoes	8
189208	SHERRY	20
1746871	Single Detail Page Misc	36
1401628	SIOPAO, SIOMAI, KIKIAM & DUMPLING	36
222706	Smoothie	117
2022661	Snack Foods & Bars	630
2530564	Snack Meals	103
1746943	SOFTDRINK	11
154077	Software	1138
1373458	SOLUTION (NOT OPTIC, OPTH, NASAL DROPS)	15
1419731	SOTANGHON	32
2069570	Sound Cards	15
340167	Soups & Canned Food	657
206005	SP ITEMS-L	378
2527330	Special  Six  Assortments	12
1382493	SPRAY MEDICAL EXTERNAL	2
1366295	SPRAY MEDICAL INTERNAL	5
1388569	SPRAY NON-MEDICAL	4
1747897	Spread	203
205994	Spreads and Butters	19
211047	Spreads non dairy	39
223030	Sprouts	7
2014323	Storage Accessories	44
279325	STRENGTH & RECOVERY	85
2618231	Sun & reading glasses	5
918779	Superfoods	89
1496082	SUPPORT STOCKINGS	18
1392826	SWAB	5
336091	Sweets and Deserts	765
1385197	TACO SHELL	10
202571	Tahini	41
1372013	Talc&Lotion	73
2021244	Tape Drives	66
1121512	TCOMBO	1
553736	TEA & COFFEE	29
2290848	TEA & POWDERED GINGER	6
940461	Tea - Mate	3
984864	Textured Vegetable Protein (TVP)	14
210054	Thai Foods	17
2155108	Thin Clients	13
1459489	TIKOY	23
2526938	Tofu	8
916624	Tofu, Tempeh & Seitan	29
2060015	Tofu, Tempeh, & Alternative Meat Products	97
4806477	Toner - OEM	2042
4810527	Toner - Remanufactured	431
2021362	TRAVEL ACCESSORIES	29
919682	TRIPOD	14
2302816	Umeshu	4
229569	USB	8
215134	USB Hub	34
1569983	Vacuum	10
1986154	Valentine Items	10
2533303	Valentines	10
961637	VDEDITION	7
908106	Vegetable Stocks, Bouillon & Gravy	3
972111	Vegetarian Deli	18
207752	Vegetarian Specialitys	5
4819680	Vichy (+БАД)	61
1080816	WARRANTY	1
3128266	Wasabi	55
2081584	WATCHES	30
887684	WATCHMAN	4
190659	WAX & FRESHNERS	23
1082893	WEATHER	3
1370497	WHITENING LOTION	83
4807132	WIC Eligible Nutritionals	15
2765676	WIC-Eligible Medical Foods	79
1993921	Wigs, Eyes, Body	77
991976	Wild Bean Cafe	135
1749170	Wireless	75
2013641	Wireless Networking	329
2023334	Workstation Accessories	4
2058954	Workstations	25
904342	WTALKIE	26
217882	Yeast Extract	4
949287	ZCACCESSORIES	3
894266	ZCASES	170
925308	ZCCDACCESORIE	3
949305	ZCLEANER	3
936951	ZCPLUGIN	4
1096006	ZCTV	3
959221	ZDVDACC	7
1087556	ZFACCESSORIES	4
919687	ZFILTER	16
1086493	ZGACCESSORIES	6
928545	ZPACCESSORIES	14
928490	ZPCACCCESSORI	17
1022768	ZPDVDACC	1
904301	ZRINGS	51
928509	ZTAPES	23
919727	ZVCACCESSORIE	48
24167	Абсент	109
1465504	АВТОЗАПЧАСТИ	263
300445	Автомобильные принадлежности	5174
1087481	Автоответчик	23
260388	Автохимия	2081
873111	Автошина	4728
3617275	Адаптер для щеток стеклоочистителей	7
260412	Аджика	610
453512	Адсорбенты-детоксиканты	96
440047	Аквадекор	809
309101	Аквариум	306
467046	Аквариумные растения	521
1387055	Аккумулятор автомобильный	211
2232619	Акриловая технология	30
3227847	Аксессуары для автоматических выключателей дополнительные	12
659330	Аксессуары для аквариума	344
3608221	Аксессуары для водного спорта	102
36436	Аксессуары для волос	2017
278696	Аксессуары для мобильных устройств	586
3230731	Аксессуары для ПВР, ШПВР, ППВР	6
455873	Аксессуары для презентационного оборудования	64
3223759	Аксессуары для пускателей ручных кнопочных дополнительные	34
3228359	Аксессуары для труб	172
3223722	Аксессуары для шкафов и щитов	1254
943542	Аксессуары к бутылочкам для кормления	9
231180	Акустика	801
78617	Алкоголь	9129
3607663	Алкогольные коктейли	18
3604617	Алкотестер	38
260468	Альбом	4
175872	Альбом для рисования	3246
441921	Альбом для черчения	39
2289236	Аминокислоты	19
3238303	Амперметр	54
2417672	Ампулы, растворы для инфузий	149
315577	Амуниция для грызунов	5
336954	Анальгетики (НПВС и др. группы)	2136
3619418	Ананасы консервированные	72
442325	Анестетики	173
442355	Анкер	264
441230	Антацидные (обволакивающие, вяжущие...)	63
952292	Антенна	178
332169	Антибиотики и сульфаниламиды	442
4832409	Антибиотики, п/микробные, п/грибковые	37
442143	Антибиотические препараты группы пенициллина и цефалоспоринов	194
439685	Антибиотические препараты хинолоновой структуры	36
439975	Антигельминтные	42
442328	Антигеморройные	42
439842	Антигипертензивные (Мочегонные, БКК, ИАПФ...)	699
441213	Антигистаминные	88
260347	Антикоррозия	16
278396	Антимоль	170
2220680	Антипасти	16
443401	Антипсориазные	104
498491	Антисеборейные	13
442734	Антисептик для дерева	217
2429748	Антисептики для полости рта	47
362352	Антисептики ЛАРИНГОлогические	163
343139	Антисептики наружного применения	348
186	Антистатик	42
714545	Антистресс	173
1655968	Антифриз	251
37115	Аперитив	62
442957	Аппликация	259
241824	Аптека	15365
442998	Аптечка	46
3605445	Арахис	88
3779114	Ареометр	10
37193	Арманьяк	142
3223909	Арматура для СИП	95
343163	Ароматизатор	917
3948159	Ароматизатор автомобильный	2242
4833582	Аромотерапия	20
1200559	Атлетика	36
228644	Аудиокниги	127
3780855	Багажники, сетки для крепления груза	18
443587	Бадминтон	39
362345	БАДы	1554
622408	Бакалея	3179
170221	Бальзам алкогольный	54
1386	Бальзам для волос	1537
34715	Бальзам для губ	1113
444085	Бандаж медицинский	231
2221996	Бандана	18
21899	Баня и сауна	926
554338	Барельефы, фрески	12
444428	Барсетка	20
493520	Баскетбол	22
1183026	Бассейн	277
3623100	Бассейны и аксессуары	168
4219	Батарейки и аккумуляторы	4695
279320	Батончики	31
4834437	Батончики злаковые	11
2421251	Батончики прочие	20
4834451	Батончики фруктовые	10
4834464	Батончики шоколадные	10
303808	Безопасность труда	506
444760	Бейджи	226
3267092	Бекон	57
682176	Белье детское	44
1752296	Белье нательное взрослое	1545
1754998	Белье нательное детское	535
18023	Белье, трикотаж	1002
226025	Беременность и кормление	24
4862250	Беспроводное оборудование	67
330611	Бигуди	364
281946	Бижутерия	1823
1351407	Бинокль	39
2716981	Биотуалет	28
3223953	Бирка кабельная	8
344360	Биты	71
445743	Блендер	529
260768	Блеск для губ	5520
241580	Блесны	338
260996	Блестки	62
39157	Блины	812
3223962	Блок автоматического ввода резерва	18
556174	Блок питания, адаптер	257
3223981	Блоки зажимов БЗН	46
39376	Блокнот	4894
679959	Блузка	2084
309773	Блюдо	1757
309899	Бокал	1710
1662764	Бокс	13
3224217	Бокс пластиковый	8
435226	Болеро	2
34694	БОЛЕУТОЛЯЮЩИЕ СРЕДСТВА	12
447616	Болт	631
3784645	Болты гайки секретные	7
3643109	Болты крепления гос. номера/Рамки под гос.номер, болты крепления	13
1262024	Большой теннис	2
3607978	Босоножки, сандали	104
569331	Ботинки	119
3612906	Ботинки,  полуботинки	145
448184	Брашинг	246
226730	Брелок	722
3607395	Бренди	1043
334672	Бриджи	285
1757047	Бритва	370
3785185	Брызговик автомобильный	13
682638	Брюки	3932
871531	Брюки детские	847
400170	Брюки женские	375
448649	Булавки	51
1187905	Бульон	113
310128	Бульонница	23
205445	Бумага	871
448724	Бумага бархатная	94
1180883	Бумага для акварели	5
261300	Бумага для записей	1393
1188058	Бумага для пастели	131
1278727	Бумага для рисования	81
3641862	Бумага для скрапбукинга	186
449081	Бумага для факса	57
265966	Бумага копировальная	39
449130	Бумага крепированная	355
176292	Бумага масштабно-координатная	63
344078	Бумага наждачная	162
176154	Бумага пачечная	291
449239	Бумага самоклеящаяся	41
2664	Бумага туалетная	3430
2952716	Бумага хозяйственная	152
449366	Бумага художественная	17
449391	Бумага цветная	1422
449449	Бумага цветная самоклеящаяся	10
449668	Бумажник	59
3604625	Бумажник водителя	246
344266	Бур	439
3649710	Бутерброд	80
340444	Бутылочка детская для кормления	1080
262842	Бухгалтерские книги, бланки	186
203752	Бытовая техника	1366
25023	Бытовая химия	3814
343530	Бюстгальтер	3277
310186	Ваза	2202
450179	Вакцины	15
343718	Валик технический	216
1584973	Вантуз	48
2226254	Варежки	8
261470	Вареники	1099
261517	Варенье и джемы	2883
217	Вата и ватные изделия	1926
450418	Ватман	21
25	Вафли	3115
310436	Ведро	1507
1190385	Велобеги	2
450798	Велосипед	624
334627	Велосипедные аксессуары	512
362337	Венотоники	41
261623	Вентилятор	343
3224475	Вентилятор бытовой настенный и аксессуары	78
330553	Вентилятор для процессора	8
22446	Вермут	496
733438	Верхний трикотаж	49
444751	Весы	1096
1758065	Ветеринарные вакцины, сыворотки, иммуномодуляторы	27
555250	Ветеринарные витамины и минералы	26
601851	Ветеринарные витамины и минералы для грызунов	4
565204	Ветеринарные витамины и минералы для кошек	16
550940	Ветеринарные витамины и минералы для птиц	12
555204	Ветеринарные витамины и минералы для собак	18
1762234	Ветеринарные гомеопатические и фитопрепараты	20
1763094	Ветеринарные дента препараты	18
1787907	Ветеринарные мази, кремы, лосьоны, спреи	11
309086	Ветеринарные препараты	240
309254	Ветеринарные препараты Антибактериальные	21
1756113	Ветеринарные препараты блокирующие	38
1761780	Ветеринарные препараты глазные	2
311045	Ветеринарные препараты глистогонные	50
565273	Ветеринарные препараты для кошек	6
673145	Ветеринарные препараты для лошадей	5
565199	Ветеринарные препараты для собак	14
345229	Ветеринарные препараты инсектицидные	64
666798	Ветеринарные препараты комплексные	14
311103	Ветеринарные препараты Контрасекс	14
297288	Ветеринарные препараты Мази	11
1816058	Ветеринарные препараты противопаразитарные	84
311023	Ветеринарные препараты Ушные,глазные средства	43
261671	Ветчина	1197
451271	Вешалка	1284
227314	Видеокарта	395
2506040	Видеорегистратор	113
41783	Визитница	639
279982	Вилка столовая	11
282286	Вина Австралии	493
282251	Вина Аргентины	197
1759169	Вина Болгарии	2221
688696	Вина Германии и Австрии	163
1759270	Вина Греции	3
282274	Вина Грузии	1492
41484	Вина Испании	886
22470	Вина Италии	2065
4836327	Вина Италии Венето	51
4836292	Вина Италии Игристые и Вермуты	17
4836434	Вина Италии Пьемонт	9
4836343	Вина Италии Сицилия и Сардиния	22
4836311	Вина Италии Тоскана	46
689306	Вина Китая и Японии	23
1759450	Вина Молдовы	167
688350	Вина Новая Зеландия	56
22169	Вина Новый Свет	1449
688768	Вина Португалии	78
688533	Вина России и ближнего зарубежья	434
1759639	Вина Украины	10
41821	Вина Франции	2291
688367	Вина Франции Бордо	257
688362	Вина Франции Бургундия	161
688374	Вина Франции Долина Луары	47
689282	Вина Франции Долина Роны	32
4836548	Вина Франции игристые и Шампань	29
688432	Вина Франции Лангедок	65
689475	Вина Франции Эльзас	19
282291	Вина Чили	864
225281	Вина ЮАР	185
1759739	Винный напиток	1953
22133	Вино	56741
689713	Вино безалкогольное	15
296061	Вино игристое	4944
3789981	Вино крепленое	102
1759520	Вино плодовое	63
451714	Винт	519
22172	Виски	4498
204841	Витамины и минералы	2521
2531314	Витамины, лакомства для грызунов	20
2531313	Витамины, лакомства для кошек	50
2531316	Витамины, лакомства для птиц	30
2512158	Витамины, лакомства для собак	31
298109	Витамины, подкормки для животных	656
242919	Воблер	59
3795411	Вода дистиллированная	52
48140	Вода минеральная	3077
3948176	Вода мицеллярная	94
17388	Вода питьевая	9006
22581	Водка	18137
693069	Водные игры	16
452556	Водонагреватель	14326
2730743	Воздухоочистители	11
466144	Воздушно-ветровые игрушки	90
712492	Воздушные змеи	49
493531	Воллейбол	20
1761166	Вольер	6
3224695	Вольтметр	39
3617329	Воронка	17
26173	Восточные сладости	1182
552325	Выжигание, выпиливание, роспись, плетение	68
3225580	Выключатели нагрузки (рубильники)	55
3225079	Выключатели путевые и концевые	64
227527	Выключатель	3344
3223946	Выключатель автоматический	896
3569489	Выключатель дифференциальный (УЗО)	203
3224621	Выключатель кнопочный	30
3224998	Выключатель нагрузки	80
3230865	Выключатель пакетный	78
3224724	Выключатель-разъединитель	109
3620567	Выпечка (мелкоштучные изделия)	311
453117	Выпрямитель волос	12
453126	Вытяжка	15
998080	Гаджет игровой	18
1182450	Газовое оборудование	3511
453273	Гайка	83
596271	Галантерея	2399
261887	Галеты	6
3618301	Галоши	62
696145	Галстук	208
261894	Гарнир	2
453501	Гвозди	134
2279910	Гейнеры	24
2232613	Гелевая технология	172
401	Гель для душа	6051
454095	Гематоген	198
442002	Гематологические (Вл.на сверт.крови, гемопоэз...)	53
442094	Гематологические (Плазмозаменители, парент.питание)	35
444908	Гепатопротекторы	57
2952751	Гербициды	47
227667	Герметик	190
3165	Гигиена для взрослых	314
1369168	Гигиена животных	64
697444	Гидрогель	10
3225152	Гильза монтажная	112
450144	Гипохолестеринемические	16
1271151	Гирлянда электрическая	1129
145865	Гирлянды и баннеры	67
2422354	Глазные и ушные капли, мази	64
440015	Глазные капли	110
448066	Глазные мази	10
454616	Глина косметическая	23
262153	Глобус	268
2279939	Глютамин	9
3670540	Говядина тушеная	24
1761966	Головной убор	1137
1761876	Головной убор детский	296
1761841	Головной убор для новорожденных	34
2730211	Головные уборы для животных	7
555711	Головоломка	115
351716	Гольфы	845
441196	Гомеопатические средства	425
441953	Гормональные прочие средства	46
442330	Гормональные средства (половые гормоны)	13
2431429	Гормоны (щитов.,стероиды, противоопух.)	10
28300	Горчица	1803
310878	Горшок цветочный	2136
675177	Горячая выпечка из п/ф	19
496441	Готовальня	235
3616631	Готовые блюда	283
36854	Готовые блюда гастроном	90
3605977	Готовые блюда и п/ф с/м	212
3618140	Готовые завтраки	179
176363	Грамоты и дипломы	39
171957	Граппа	85
311352	Графин	163
4862251	Грелка	153
142874	Грибы	936
3783563	Грибы свежие	69
1762333	Грибы сушеные	32
227766	Грифель	71
3227704	Грозозащита и заземление	1
463706	Груминг	628
311529	Грунт для аквариума	396
406629	Грунтовка	538
2421504	Грунтовка художественная	4
33890	Губка для автомобиля	62
455881	Губка для обуви	235
2620	Губка для посуды	1036
5984	Губка для тела	447
3605928	Губка хозяйственная	74
456071	Дартс	111
1762651	Датеры	79
456124	Датчик	152
3225340	Датчик движения	55
407	Дезодорант	9917
3607450	Декорация для выпечки съедобная	145
1051	Демакияж	1201
176397	Демонстрационные системы	147
5203	Депиляция	809
3948160	Держатель для мобильных устройств	102
3225410	Держатель для плавких вставок	22
52599	Держатель для туалетной бумаги	129
362341	Дерматологические средства прочие	295
263238	Десерт	897
3611207	Десерт молочный	31
439741	Детали игровой сценической обстановки	184
176428	Детекторы банкнот, Счетчики купюр и монет	40
22738	Детское питание	5419
702411	Джемпер	13808
386238	Джемпер женский	334
432155	Джемпер мужской	153
23104	Джин	616
703325	Джинсы	488
381386	Джинсы женские	161
703077	Джинсы мужские	245
1183282	Диабет	113
2431836	Диабетические	34
457462	Дидактические материалы	33
279339	Диетические продукты	1606
448800	Дизайн-бумага	61
176445	Диктофон	85
667012	Диммер	180
228249	Диск инструментальный	634
176449	Дискеты, диски CD, DVD	542
457839	Диспенсер	53
3223768	Дифференциальный автомат	254
458750	Дневник	4750
228467	Доводчик дверной	26
458864	Домашний кинотеатр	56
312236	Домики для животных	154
551349	Домино	66
1557416	Домкрат	138
3223926	Дополнительные устройства ВА88 - аварийные (АК) и дополнительные (ДК) контакты	18
3227699	Дополнительные устройства ВА88 - зажимы вводные	4
3229856	Дополнительные устройства ВА88 - механическая блокировка положения выключателя	6
3231635	Дополнительные устройства ВА88 - панели втычные и выдвижные ПМ	32
3235464	Дополнительные устройства ВА88 - переходники на DIN-рейку	6
3231985	Дополнительные устройства ВА88 - привода ручные поворотные ПРП	10
3233036	Дополнительные устройства ВА88 - расцепители минимального напряжения РМ	6
3233064	Дополнительные устройства ВА88 - расцепители независымые РН	6
3232627	Дополнительные устройства ВА88 - расширенные выводы	21
3238728	Дополнительные устройства ВА88 - электропривода ЭП	7
3228607	Дополнительные устройства для КTH - катушки управления КУ	24
3228594	Дополнительные устройства для КМН	36
33491	Доска гладильная	528
705467	Доска для детского творчества	21
459062	Доска для моделирования	26
459105	Доска для рисования	346
699899	Доска магнитная	262
176619	Доска меловая	3
459181	Доска офисная	77
19096	Доска разделочная	1962
674836	Драже	386
459359	Дрель электрическая	247
53845	Дрожжи	187
331153	Дрожжи пивные	130
3314263	Дуршлаг	226
4327	Духи	1024
459634	Духовка электрическая	32
459641	Душистая вода	121
37047	Дыроколы, степлеры, антистеплеры	2359
459880	Дюбель	505
3225624	Дюбель для бандажа ДБ	8
3225633	Дюбель-хомут	16
460135	Ежедневник	6122
461385	Ель новогодняя искусственная	752
2230362	Жакет	2098
3948207	Жалюзи	106
19141	Жевательная резинка	3098
1766564	Желатин	223
33075	Желе	139
441115	Железосодержащие препараты	23
2417850	Желудочно-кишечный тракт	208
441224	Желчегонные	27
273	Женская гигиена	241
2416725	Женские (противозачат.,гормоны, раст.)	25
2231845	Жилет	318
2279915	Жиросжигатели	38
461769	Журналы школьные	19
3702	Загар и защита от солнца	2594
3225726	Заглушки для пломбировки ВА47-29	3
285556	Зажигалка	1931
176777	Зажим для бумаг	301
461944	Зажим для троса	50
3227933	Зажим концевой изолирующий	6
3225778	Зажим монтажный	145
3230102	Зажим соединительный изолирующий	28
462015	Закладки	163
454804	Закрепляющие	17
263430	Закуска	27
2324179	Заменители питания	7
3610695	Заменитель грудного молока	219
438834	Заменитель сахара	302
228976	Замок	1453
3610261	замороженные блюда и замороженные мясные полуфабрикаты	217
3605985	замороженные блюда, требующие приготовления	196
3654465	замороженные бургеры, требующие приготовления	5
72	Замороженные овощи/фрукты/ягоды/грибы	747
33433	Занавеска для кухни	12
3228640	Запасные части к контакторам КТ6600	39
181341	Зарядное устройство	531
462497	Затирка для швов	337
462730	Звонок электрический	200
2221625	Зелень, салаты свежие	634
462866	Зеркало	576
3629896	Зеркало автомобильное	39
23256	Зефир	1010
462951	Значки	38
285706	Зонт	1178
209	Зубная паста	6500
7694	Зубная щетка	4552
18528	Зубочистки	328
754410	Игра логическая	66
56347	Игра настольная	4216
2727691	Игра электронная	71
2727128	Игровая консоль	28
713265	Игровой набор	689
458886	Игровые домики	141
1204048	Игровые комплексы, качели, горки	44
146199	Игрушечное оружие	1513
3620795	Игрушечные железные дороги и треки	64
461826	Игрушечный транспорт	2779
980	Игрушка	32525
146924	Игрушка LEGO	1583
439737	Игрушка автотрек	102
1763109	Игрушка деревянная	509
149128	Игрушка для ванны	252
465549	Игрушка железная дорога	578
439735	Игрушка инерционная	1326
2343922	Игрушка Интерактив	8
702005	Игрушка компьютер	80
147541	Игрушка конструктор	6930
716203	Игрушка механическая	5
440953	Игрушка музыкальный инструмент	104
148621	Игрушка мягкая	5486
451123	Игрушка радиоуправляемая	1423
2364821	Игрушка с конфетами	46
713549	Игрушка со звуковыми эффектами	2
534740	Игрушка трансформер	896
313226	Игрушки для животных	1098
451333	Игрушки для кошек	639
147523	Игрушки для малышей	859
1656438	Игрушки для новорожденных	6
332673	Игрушки для песочницы	479
311153	Игрушки для птиц	446
465351	Игрушки для собак	1732
715174	Игрушки заводные	42
2228566	Игрушки надувные	115
1807899	Игрушки пластизолев	6
1768801	Игрушки пластмассовые	732
466117	Игрушки Приборы и аппараты	138
1726592	Игрушки развивающие	202
2223171	Игрушки Форма	29
482670	Игрушки-забавы	62
286761	Игры	210
443599	Игры для детей активные	111
880020	Игры интеллектуальные	66
331286	Игры обучающие и развивающие	835
452526	Игры развлекательные	124
4832631	Игры, игровые наборы	231
3739591	Изделия из мяса охлажд	40
3739722	Изделия из мяса птиц охл	48
448299	Изделия мед назнач (Гольфы, колготки, шорты, чулки)	338
444368	Изделия мед назнач (Горчичники, пипетки...)	57
444713	Изделия мед назнач (Маски, Компрессы...)	57
477046	Изделия мед назнач (Прочие ортопедические)	5
332748	Изделия мед назнач (Средства ухода прочие)	213
2418507	Изделия медицинского назначения	4128
3817464	Изделия сдобные сладкие	5
3914532	Изделия сдобные соленые	9
3912028	Изделия слоеные сладкие	24
3914526	Изделия слоеные соленые	5
2284020	Измерительные приборы и аппараты	109
3226324	Изолятор шинный плоский	26
2289252	Изотоники	2
527983	Изучение счета и алфавита	110
23287	Икра овощная	739
3610958	Икра охлаждённая	208
23293	Икра рыбная	1660
2420343	Иммунобиологические, пребиотики	20
439957	Иммуномодуляторы и адаптогены	199
441255	Ингаляторы и небулайзеры	195
298658	Инсектициды	748
41797	Инструмент	19944
3745732	Инструмент SATA	6
300839	Инструмент для выполнения декораций	191
2727922	Инструмент для кабеля RJ 11,12,45	20
3226370	Инструмент для монтажа кабельных стяжек	3
3230565	Инструмент для снятия изоляции	14
303683	Инструмент измерительный	265
3641840	Инструмент малярный	40
300265	Инструмент механический	2381
3617597	Инструмент ручной	419
289433	Инструмент садовый	635
304973	Инструмент смазывающий	103
299594	Инструмент электрический	322
349538	Инструменты для каллиграфии	47
2235461	Инструменты для маникюра и педикюра	115
466892	Интенсивное тонирование	57
362160	Интимная гигиена	446
176845	Информационные таблички, рамки и держатели	101
3605146	Ионизатор	10
176880	Источник бесперебойного питания (UPS)	432
712548	Йо-йо	21
23326	Йогурт	9321
3641118	Йогурт детский	12
3611285	Йогурт питьевой	77
442869	Йодсодержащие средства	13
1660860	Кабеленесущие системы	314
241296	Кабели компьютерные	148
263610	Кабель	553
3226570	Кабель-каналы	176
262380	Кабины душевые и оборудование для ванной	240
22663	Какао	839
467282	Календарь	2295
62922	Кальвадос	109
467417	Калька	87
62932	Калькулятор	1598
430396	Кальсоны	25
467922	Канистра	153
2	Канцелярские товары	20842
177010	Канцелярский набор	1003
2417066	Капли в нос, спрей, мази, гель	60
23366	Капуста морская	748
310541	Карабины, вертлюги	79
37145	Карамель	2411
391489	Карандаш для бровей	378
391481	Карандаш для век	2675
264261	Карандаш для губ	1741
264298	Карандаш для ногтей	6
3007277	Карандаш косметический	103
488884	Карандаш маскирующий	18
148338	Карандаши	156
468948	Карандаши восковые	237
229849	Карандаши механические	346
468113	Карандаши специальные	14
468990	Карандаши угольные	1
468746	Карандаши художественные	40
19264	Карандаши цветные	2790
468588	Карандаши цветные без оболочки	5
177092	Карандаши чернографитные	1356
1772381	Караоке	11
2279919	Карбо	16
3630887	Карбонад	21
148348	Карнавальные костюмы	952
550232	Карниз	125
469702	Картон белый	97
469716	Картон цветной	872
1221484	Картофель	100
230307	Картридж для принтера	4875
177171	Карты географические	20
1656399	Карты и атласы	117
145898	Карты игральные	138
314257	Кастрюля	5027
470295	Каталка детская	542
1211675	Катание по снегу и льду	106
342702	Каша детская	459
24389	Каши, хлопья, сухие завтраки	5245
2441184	Кашпо	1513
3608246	Кашпо,горшки и держатели	831
4848813	Квадрокоптер	1
1772558	Квас	982
1772564	Квиллинг и оригами	276
264799	Кекс	1503
2235127	Кепка	573
23472	Кетчуп	2861
550200	Кефир	3263
3238680	Кипятильник электрический	69
33079	Кисель	1272
2421817	Кисломолочный напиток	385
264868	Кисть косметическая	80
470932	Кисть кулинарная	10
470891	Кисть малярная	284
349745	Кисть художественная	3444
265432	Клавиатура	680
1224273	Клеенка	54
8230	Клей	1638
406613	Клей монтажный	65
392546	Клей обойный	107
472025	Клей ПВА	199
472078	Клей плиточный	73
471923	Клей силикатный	55
471904	Клей столярный	7
279126	Клей строительный	9
278579	Клей-герметик	7
265458	Клей-карандаш	522
3235599	Клемма соединительная	44
3235770	Клемма строительно-монтажная	30
3226984	Клеммник концевой изолированный	10
3948167	Клеммы	29
314888	Клетки для грызунов	225
1773165	Клетки для кошек и собак	8
310893	Клетки и гнезда для птиц	180
452686	Клетки, переноски	440
2442777	Клетчатка	152
3226995	Клещи обжимные	10
3236365	Клещи токоизмерительные	6
353410	Клинико-диагностические приборы и наборы	387
3822237	Ключ баллонный	20
344790	Ключ гаечный	447
3822251	Ключ комбинированный	39
3822267	Ключ комбинированный шарнирный	2
3822270	Ключ накидной	5
3822276	Ключ разрезной	12
3822289	Ключ рожковый	10
3610432	Ключ свечной	35
3822310	Ключ угловой	21
3822308	Ключ шарнирный	1
539687	Ключницы	48
472974	Книга алфавитная	206
473063	Книга записная	3352
473053	Книга канцелярская	253
473715	Книга телефонная	331
544561	Книга электронная	61
205408	Книги	27279
472873	Книги детские	578
439832	Книги для дошкольников	185
395479	Книги для школьников	4
2220881	Книги со звуками	332
2228116	Книги-викторины	7
177337	Книжки для детского творчества	44
473889	Кнопки канцелярские	154
315162	Коврик	1322
330616	Коврик для ванной	626
2506089	Коврик музыкальный	79
315193	Ковш	31
315253	Когтеточки для животных	448
1774349	Кожгалантерея	149
4842729	Козинаки,нуга, халва	7
703379	Коктейли, джин-тоники	58
55924	Колбаса вареная	2687
265605	Колбаса варено-копченая	1562
3831351	Колбаса из субпродуктов	8
265598	Колбаса полукопченая	1694
286848	Колбаса сыровяленая	64
265594	Колбаса сырокопченая	1349
142954	Колбасные изделия	4139
330538	Колготки	17011
337654	Колготки детские	1500
357699	Колготки для девочек	74
231171	Колер	98
1673068	Колпак колесный	20
562637	Комбинезон	196
315395	Комбинезон для собак	786
2731687	Коммутатор Ethernet	199
733267	Компас	43
3227808	Компенсация реактивной мощности	33
279464	Комплексы для профессионального питания	513
346264	Комплект белья для мальчиков	9
733490	Комплект верхней одежды	12
3224028	Комплектующие для светотехники	180
3235727	Комплекты декоративного стекла для садово-парковых светильников	30
1654218	Компоненты автоматизации	55
3817469	Компрессометр	10
300442	Компрессор	78
2713862	Компрессор автомобильный	14
300404	Компрессоры и пневматические инструменты	170
2741229	Компьютер моноблок	7
205800	Компьютерная мышь	1877
237167	Компьютерная периферия игровая	62
2747295	Компьютерная платформа	4
265563	Компьютерные аксессуары	1360
1351406	Компьютерные игры	1098
475427	Конвекторы	58
475455	Конверт	310
3227761	Конденсатор для электродвигателя	46
77	Кондитерские изделия	2204
674763	Кондитерские изделия диабет	192
69343	Кондитерские изделия замороженные	147
38561	Кондитерские изделия мучные	2984
315	Кондиционер для белья	1829
2187	Кондиционер для волос	3172
475494	Кондиционеры	51
2740781	Коннекторы	7
1229537	Консервы	4216
22680	Консервы грибные	860
23172	Консервы мясные	3056
65	Консервы овощные	7967
48	Консервы рыбные	5254
22284	Консервы фруктовые	2805
265894	Консилер	117
723930	Контактор	887
476072	Контейнер для игрушек	188
177418	Контейнер для мусора	439
231359	Контейнер для продуктов	3755
447547	Контейнер для электронных носителей	173
2719845	Контроллеры/Adaptec	4
2728489	Контроллеры/LSI	27
4830432	Контроллеры/Разные	8
476130	Контур для глаз	78
22145	Конфеты	20245
3623455	Конфеты диабетические	34
23131	Конфеты жевательные	865
3607409	Конфеты шоколадные	3629
4849050	Конфитюры, джемы диетические	9
2422387	Концентраты сухие	77
476290	Коньки	557
3608303	Коньки ледовые	168
474926	Коньки роликовые	68
22210	Коньяк	8309
476373	Копилка	649
231431	Корзина для бумаг	160
476444	Корзина хозяйственная	523
302482	Корм для грызунов	337
21915	Корм для животных	2656
18493	Корм для кошек	5632
609975	Корм для креветок	5
308061	Корм для птиц	283
1777029	Корм для рептилий	73
310977	Корм для рыб	663
19035	Корм для собак	5027
309012	Кормушки для рыб	39
316949	Кормушки поилки для грызунов	35
313406	Кормушки поилки для птиц	90
3227955	Коробка монтажная	386
2765678	Корпус для компьютера	191
3228093	Корпуса для светильников НПО, НББ, НСП, НТУ	14
3228072	Корпуса постов КП - пластик	20
177433	Корректирующие средства	496
5586	Косметика	42374
297285	Косметика для грызунов	3
1780133	Косметика для животных	114
297281	Косметика для кошек и собак	151
297279	Косметика для птиц	4
1199886	Косметика, украшения и аксессуары для девочек	71
336150	Косметические аксессуары	981
19704	Косметичка	826
1780221	Кости, палочки для собак	192
739902	Костюм	324
418521	Костюм женский спортивный	2
739956	Костюм купальный	984
1657287	Котлеты	667
19716	Кофе	7183
3611328	Кофе в зёрнах	86
3630248	Кофе в чалдах	13
74065	Кофе зерно	283
74063	Кофе молотый	575
19729	Кофе растворимый	1864
477163	Кофеварка	558
3373562	Кофейник	154
94151	Кофейный напиток	350
477185	Кофемолка	210
477219	Кошелек	152
266100	Крабовая имитация	605
3805321	Краситель пищевой	45
444812	Краска	807
265767	Краска акварельная	2217
441048	Краска акриловая	3679
2414472	Краска алкидная	50
227783	Краска воднодисперсионная	242
278665	Краска водоэмульсионная	258
227812	Краска гуашь	1235
9484	Краска для бровей и ресниц	79
287836	Краска для внутренних работ	289
597	Краска для волос	15396
354524	Краска для волос оттеночная	91
478346	Краска для дизайна ногтей	28
331171	Краска для изделий из кожи	45
478391	Краска для мебели	6
478401	Краска для пола	4
287642	Краска для фасадных работ	181
478414	Краска контурная	150
478518	Краска кракелюрная	12
1351412	Краска латексная	74
478782	Краска пальчиковая	52
2414476	Краска плакатная	34
478795	Краска по керамике	38
287714	Краска по металлу	118
477598	Краска по стеклу	276
478880	Краска по ткани	315
477701	Краска художественная гель	90
437446	Краска художественная масляная	975
479120	Краска художественная темперная	32
177461	Краска штемпельная	99
75137	Крахмал	142
2279928	Креатин	18
479914	Креветки	1220
316470	Крекер	897
278498	Крем детский	389
1395	Крем для волос	66
3623336	Крем для зубных протезов фиксирующий	38
664	Крем для лица	2576
10304	Крем для ног	553
331192	Крем для обуви	555
1438	Крем для рук	1626
331154	Крем для тела	742
1682	Крем косметический	417
2642	Крем тональный	2126
316566	Креманка	22
3658583	Крепеж	175
2744235	Крепления для мониторов	6
576560	Кресло	359
3228419	Кронштейн для уличного светильника	14
555469	Кроссовки	744
871509	Круассан	554
316687	Кружка	9873
22067	Крупа и бобовые	6224
482562	Кувшин	724
2735777	Кукла фарфоровая	188
712606	Куклы	8595
2274864	Кукольный театр	147
3224151	Кулачковые переключатели КПУ	214
33055	Кулинарные добавки	148
1223021	Куличи	261
687653	Куртка	8485
748385	Куртка женская	1505
748632	Куртка мужская	1363
180669	Кусачки маникюрные	6
483137	Кухонный комбайн	110
279744	Лак для дерева	21
1053	Лак для ногтей	18218
288165	Лак для полов	43
288158	Лак для стен и потолков	10
482666	Лак яхтный	19
2430138	Лаки для художественных работ	45
220806	Лаки, морилки	147
3617582	Лакокрасочная продукция	65
619579	Лакомство для грызунов	61
750942	Лакомство для животных	590
590087	Лакомство для кошек	220
636168	Лакомство для птиц	16
1041874	Лакомство для собак	786
217309	Лакрица	18
177529	Ламинаторы, резаки и переплет	99
3948157	Лампа автомобильная	790
3228856	Лампа газоразрядная	48
3228815	Лампа галогенная	780
3391116	Лампа люминесцентная	639
3846555	Лампа паяльная	20
3228952	Лампа светодиодная	1446
78022	Лампа электрическая	4376
3392109	Лампа энергосберегающая	1747
3612451	Лапша быстрого приготовления	259
19849	Ластик	1265
3768199	Лебедка	3
371108	Леггинсы	528
19856	Леденцы	1299
309010	Лежанки, корзины для животных	810
378131	Лекарственные сборы	911
210391	Лекарственные средства	47493
2952733	Лента изоляционная	477
3229196	Лента клеевая	4
3225319	Лента клейкая	8
485738	Лента липкая от мух	65
3229354	Лента монтажная	14
3224101	Лента светодиодная	213
3610459	Лента стеклоочистителя	38
279182	Лента техническая	167
3229210	Ленты сигнальные и оградительные	13
344860	Лестница	235
715769	Лизуны	33
23975	Ликер	2508
3394752	Лимонная кислота	129
266869	Линейки, угольники, транспортиры	1303
486229	Линеры	57
1249217	Линолеум	122
315009	Литература о домашних животных	259
472476	Литература об искусстве	416
486423	Ложка	104
486480	Ломтерезки	4
3848199	Лопата	51
486508	Лопатка кухонная	12
486605	Лосьон для волос	17
486634	Лосьон для тела	1528
1828117	Лотерея	58
475718	Лото	18
232356	Лоток для бумаг	664
1980166	Лубрикант интимный	1479
288755	Лупа	125
3647502	Лыжи, ботинки	215
3229383	Люк ревизионный	72
755879	Магнит для доски	38
755842	Магнит сувенирный	991
487375	Магнитола	153
756413	Майка	3769
438994	Майка для девочек	69
384197	Майка для мальчиков	73
383621	Майка женская	1126
430418	Майка мужская	306
3618363	Майки, футболки,топы	187
57	Майонез	3726
24086	Макароны	11401
442922	Маммологические (лактогонные, мастопатии...)	4
3229476	Манжета термоусаживаемая	14
461	Маникюр и педикюр	3870
471701	Маникюрный набор	319
3851600	Манометр	28
62	Маргарин	420
3614823	Маргарин, спреды	20
260452	Маринад	117
89983	Маркер	1956
488160	Маркер для CD	76
3229491	Маркер кабельный	143
487696	Маркер перманентный	570
487934	Маркер специальный	95
487746	Маркер стираемый	190
488341	Маркер текстовый	692
487711	Маркер флипчарт	13
173629	Мармелад	2870
1679367	Марципаны	58
2244669	Маска (балаклава)	6
490	Маска для волос	1057
4004	Маска для лица	741
181499	Маска косметическая	56
148441	Маски	42
2414467	Масла для художественных работ	16
317954	Масленка	159
81664	Масло бутербродное	144
3948205	Масло гидравлическое	78
361847	Масло детское	144
339961	Масло для волос	268
3605791	Масло коровье	97
195518	Масло кукурузное	39
4015	Масло массажное	145
158667	Масло моторное	2821
24278	Масло оливковое	2480
335590	Масло ореховое	545
184383	Масло подсолнечное	1397
267548	Масло промывочное	9
24963	Масло растительное	2206
81698	Масло рыбное	82
81649	Масло сливочное	3131
267560	Масло трансмиссионное	754
343183	Масло эфирное	1547
1240988	Масложировая продукция	1837
489646	Массажер	340
489685	Мастика	135
489695	Мастихин	56
280570	Материалы для гидроизоляции, гидрофобизации и герметизации	60
178817	Материалы для ламинирования	102
178833	Материалы для переплета	361
280572	Материалы для устройства полов	50
232831	Материнская плата	262
2739491	Материнская плата серверная	7
871513	Машина шлифовальная	283
36297	Машинка для стрижки	308
263522	Мебель	397
3608243	Мебель для сада	356
24286	Мед	1859
763970	Медиа Звуковая запись	533
2740333	Медиаконвертор	31
333710	Медицинские приборы и аппараты	108
4847587	Медовуха	8
1255529	Мел	406
760144	Мелки восковые	226
2414473	Мелки масляные	74
83440	Менажница	313
760523	Мескаль	11
3224123	Металлокорпус	78
3229811	Металлорукав	30
914293	Метизы	950
34496	Мешки для мусора	2182
20362	Мешок для стирки	139
83788	Миксер бытовой	92
2457341	Миорелаксанты	6
304886	Миска	233
297856	Миска для животных	687
693509	Модели для сборки	1489
225	Моделирование прически	3294
561673	Модель машины	2415
4858475	Модем	1
3229903	Модульные переключатели трехпозиционные МП-63	30
3226367	Модульные сигнальные лампы серий ЛС и ЛСК	18
331292	Мозаика	279
3855379	Мойка автомобильная	8
3605828	Молоко пастеризованное	495
24323	Молоко сгущенное	1195
3605783	Молоко стерилизованное	269
267828	Молоко сухое	315
67200	Молоко, сливки	7012
492019	Молокоотсос	81
344503	Молоток	420
492090	Молочко для тела	525
38894	Молочные десерты	779
144938	Молочные продукты	5985
3610545	Молочные продукты, которые можно есть ложкой	595
492155	Мольберт	43
233200	Монитор	576
4812936	Монтажное оборудование	2
41409	Морепродукты	1468
3609099	Морепродукты замороженные	299
3612248	Морепродукты охлаждённые	51
30752	Мороженое	20461
492248	Морозильник	24
2952748	Морс	517
3737734	Мототехника	14
34088	Мочалка	1357
1041826	Моющие средства для животных	17
2416595	Мужские (потенция, простатит, аденома)	21
148606	Музыкальные инструменты	340
492492	Музыкальный центр	37
24378	Мука	1229
3778115	Мука блинная	5
3610168	Мука и смеси для выпечки	526
3606165	Мука пшеничная	58
3708489	Мука ржаная	2
492588	Мультиварка	50
3230047	Муфта соединительная кабельная	6
177630	МФУ	385
146	Мыло	11202
366	Мыло жидкое	4059
6903	Мыло хозяйственное	438
330600	Мыльница	437
493233	Мыльные пузыри	656
188667	Мюсли	1031
4833848	Мясные деликатесы фасованные	42
1183382	Мясные продукты	1577
1201445	Мясо	605
37053	Мясо замороженное	17
38831	Мясо охлажденное	291
87888	Мясорубка	248
493543	Мяч	910
90098	Набор для творчества	5711
496485	Набор чертежный	174
3606668	Наволочка	61
3626652	Наггетсы, филе	34
314311	Нагреватели для аквариумов	66
2728882	Нагреватели для содержания животных	11
3229797	Нагревательный элемент	35
1793353	Надувные изделия	639
440039	Назальные прочие	68
439929	Назальные сосудосуживающие	71
3862884	Накидка автомобильная	11
494440	Наклейки	707
180165	Наклейки для ногтей	369
3230309	Наконечник	386
3230084	Наконечник-гильза	32
2756068	Накопители NAS	101
319931	Намордник	177
713030	Нано игрушки	13
547468	Напильник	171
17371	Напитки	31504
65403	Напитки, чай диабет	131
551222	Напиток энергетический	845
20627	Наполнители для туалета	781
2229142	Наращивание ресниц	13
2418099	Наружные средства (растворы,лосьоны,порошки, тб.)	143
871510	Насос	223
2418511	Настойки (растворы для внутреннего применения, бальзамы, эликсиры)	62
37856	Настойки, наливки	1583
210556	Наушники микрофоны	2189
2250135	Неваляшка	127
1346844	Несессер	32
1359144	Низковольтные оболочки	44
542785	Новогодние украшения	15780
36595	Новый Год и Рождество	8715
180360	Ногти накладные	365
485333	Нож канцелярский	186
279943	Нож кухонный	1338
3229193	Ножи технические и аксесуары	12
34728	Ножницы	1740
3230576	Ножницы для пластика	2
180675	Ножницы маникюрные	258
180740	Ножницы парикмахерские	74
320380	Ножницы поварские	33
3230579	Ножницы секторные для кабеля	2
498411	Ножовка	321
439812	Ноотропные и транквилизаторы	137
351648	Носки	1700
290321	Носки детские	3771
290327	Носки женские	4207
290351	Носки мужские	5956
234422	Ноутбук	999
1187071	Обеды	175
4832463	Обезболивающие, жаропониж. спазмалитики, НПВС	100
346034	Обесцвечивание волос	195
449713	Обложка для документов	662
234027	Обложка школьная	242
513784	Обогреватель	318
378369	Обои	2541
1797120	Оборудование для клеток грызунов	83
1797176	Оборудование для клеток птиц	28
3232246	Оборудование защиты и автоматизации	2
1358332	Оборудование конечного распределения	230
15348	Обувь	17513
849451	Обувь детская	354
3607980	Обувь для бассейна	355
2717382	Обувь для животных	77
499049	Обувь для собак	68
3614960	Обувь домашняя	1355
849555	Обувь женская	1203
1797821	Обувь кожаная	49
871516	Обувь мужская	369
1797877	Обувь спортивная	259
4832920	Обучающие пособия	12
3605983	Овощи и фрукты замороженные	324
37462	Овощи свежие	1776
37536	Овощи соленые и квашеные	530
3872479	Огнетушитель	45
3230692	Ограничитель мощности	8
150026	Одежда	31804
1758340	Одежда верхняя женская	255
1758596	Одежда верхняя мужская	242
1758839	Одежда верхняя подростковая	225
1798686	Одежда демисезонная	133
1658259	Одежда детская	869
3613136	Одежда джинсовая	150
704874	Одежда для животных	1398
2725737	Одежда для животных демисезонная	165
2718234	Одежда для животных зимняя	144
2724839	Одежда для животных летняя, дождевая	123
1798479	Одежда для новорожденных	726
444783	Одежда для собак	467
1764705	Одежда домашняя женская	46
1764786	Одежда домашняя мужская	19
1764822	Одежда домашняя подростковая	125
550240	Одежда женская	2269
2149678	Одежда зимняя	39
550553	Одежда мужская	1713
1808458	Одежда повседневная женская	746
1809343	Одежда повседневная мужская	827
1810301	Одежда повседневная подростковая	1923
640907	Одежда рабочая	54
1825726	Одежда спортивная	310
4835	Одеколон	1747
33450	Одеяло	788
3230677	Оконцеватель кабельный	14
3605228	Окорок	23
23234	Оливки, маслины	2893
499336	Олифа	90
2745961	Оперативная память	607
3873611	Оплетка руля	268
3230701	Оповещатели охранно-пожарные световые Топаз	8
352364	Ополаскиватель для белья	192
17168	Ополаскиватель для волос	474
19414	Ополаскиватель для рта	1110
3228455	Опоры и кронштейны для садово-парковых светильников	29
4850509	Оптический накопитель	4
226449	Органайзер	387
19	Орехи	3272
278591	Освежитель воздуха	6366
284335	Осветление волос	27
456101	Оснастка для печатей и штампов	545
500117	Основа для макияжа	131
345964	Отбеливатель для белья	429
344583	Отвертка	1469
3230844	Ответвители ОВ	6
500290	Открытка	2430
916296	Отруби	51
556666	Отсадник для рыб	12
2418078	Отхаркивающие, противокашлевые	70
260665	Охлаждающая жидкость	18
784743	Очки солнцезащитные и прочие	251
310100	Ошейник	2245
1800008	Ошейники инсектицидные	30
1712989	Ошейники поводки	108
98188	Паззл	6231
1800728	Пакет	130
501381	Палитра	21
712923	Пальчиковые игры	42
786147	Панно	38
269794	Папка	4339
235166	Папка адресная	233
476619	Папка архивная	113
501579	Папка деловая	95
178115	Папка для акварели	138
483122	Папка для дипломов и курсовых	18
449071	Папка для рисования	75
502621	Папка для тетрадей	1297
502904	Папка для труда	284
502004	Папка для черчения	174
235460	Папка на кольцах	544
234916	Папка пластиковая	117
178236	Папка подвесная	49
503139	Папка портфолио	4
269904	Папка с арочным механизмом	130
178341	Папка с прижимами и скоросшивателями	130
269493	Папка с резинкой	151
502287	Папка текстильная	11
234967	Папка файловая	1256
270018	Папка-вкладыш с перфорацией	42
265510	Папка-клипборд	66
269646	Папка-конверт	816
504104	Папка-портфель	405
178486	Папка-уголок	279
4806371	Парафармацевтика	158
360487	Парикмахерская	517
2746097	Парктроник	6
504717	Пароварка	42
3068	Парфюмерия	16909
954473	Парфюмерия детская	61
4385	Парфюмерная вода	5681
397231	Парфюмерный набор	932
344548	Пассатижи (шарнирно-губцевый инструмент)	396
1280112	Паста	153
504847	Пастель	87
99702	Пастила	134
4844332	Пасты ореховые, шоколадные.	11
30792	Пасха	1117
24427	Паштет	1924
461458	Паяльник	78
423091	Пеленки	129
40673	Пельмени, манты, хинкали, варенники	5690
2588	Пена для ванн	1391
505258	Пена монтажная	369
505309	Пенал	5719
321269	Пепельница	309
441941	Перевязочные средства	1069
3230944	Переключатель пакетный	74
1804867	Переноски для грызунов	4
3300794	Периодические издания	12540
3231341	Перчатка термоусаживаемая	20
1804930	Перчатки	163
3231368	Перчатки защитные	15
506655	Перчатки медицинские	264
270958	Перчатки хозяйственные	936
1804945	Перчатки-варежки	362
1714214	Петли дверные	156
36536	Печатная продукция	6593
21865	Печенье	12663
1200469	Печное литье	11
506982	Печь СВЧ	308
22186	Пиво	18293
388742	Пижама	657
373519	Пижама для девочек	91
384626	Пижама для мальчиков	69
3674178	Пижамы,сорочки	503
329590	Пикник	1625
4839308	Пила циркулярная	2
180938	Пилинг	35
336187	Пилка маникюрная	528
495925	Пинг-понг	40
180633	Пинцет	8
104198	Пирог	272
271140	Пирожки и пончики	78
271083	Пирожное	1816
3640867	Пирожное бисквитное охлаждённое	24
36615	Пиротехника	2174
3226889	Пистолет клеевой	8
300479	пистолеты-распылители	78
29503	Пицца	1275
881195	Плавание	153
793474	Плавки	438
507397	Плакат	122
507410	Планинг	568
503286	Планшет	55
2732080	Планшетные ПК	156
507644	Пластика	574
149101	Пластилин	1378
364057	Пластырь	2105
508184	Платки бумажные	543
3654472	Платки носовые	9
794720	Платье	262
3621500	Платья, сарафаны	333
2253157	Плащ	55
33316	Плед	635
206254	Плеер	419
217442	Пленка	61
33234	Пленка пищевая	157
795104	Плинтус	319
453190	Плита газовая	169
544623	Плита электрическая	161
1285964	Плитка строительная	308
508443	Плойка	36
2744073	Плоттер	18
3231626	Площадка самоклеющаяся под хомут	8
299304	Поводки для животных	1493
495775	Погремушка детская	914
778358	Подарки для мужчин	12
271328	Подарок новогодний	2810
360621	Подарочный набор	6883
391688	Подводка для век	847
458	Подгузники	3455
25366	Подгузники для взрослых	319
3649594	Поддоны и балконные ящики	41
322204	Поднос	667
3617321	Подогреватель сидений	21
3606670	Пододеяльник	39
509689	Подсвечник	1522
509770	Подставка бытовая	1935
497087	Подставка канцелярская	476
1812802	Подстилки, салфетки	113
20806	Подушка	503
510130	Поильник детский	96
510151	Покрытие настольное	96
510310	Полотенца бумажные	1092
510331	Полотенце	7509
784932	Полуботинки	42
144932	Полуфабрикаты	1522
37680	Полуфабрикаты кондитерские	27
1180491	Полуфабрикаты мясные	1544
39904	Полуфабрикаты овощные замороженные	851
3615359	Полуфабрикаты овощные свежие	77
3651345	Полуфабрикаты фруктовые свежие	24
1069	Помада губная	13971
309393	Помпы, компрессоры, фильтры для аквариума	220
2254519	Пончо	36
199047	Попкорн	2140
511109	Порог	248
172597	Портвейн	203
211209	Портмоне	298
511452	Портфель	238
130	После бритья	2049
17407	Постельное белье	4955
2326327	Посттреники	5
3231374	Посты кнопочные ПКЕ	39
119993	Посуда для специй	1237
309770	Посуда жаропрочная	11
2420630	Посуда кухонная	17717
18634	Посуда одноразовая	1566
178768	Посуда стеклянная	351
38328	Посуда столовая, предметы сервировки	7022
511555	Посудомоечная машина	13
2421794	Почва	310
267212	Праздничный стол	21
601806	Предметы содержания животных	670
3225594	Предохранители ППНН	65
3231725	Предохранитель	250
2279908	Предтреники	25
108335	Презервативы	2285
312174	Премиксы для животных	24
1694057	Преобразователи частоты (ПЧ) и Устройства плавного пуска (УПП)	122
3605140	Преобразователь напряжения автомобильный	33
2463386	Препараты для лечения алкоголизма, никотиновой зависимости	9
297642	Препараты, лекарства для аквариума	177
23559	Пресервы	2876
3610177	Пресервы морепрод.	101
3607326	Пресервы рыбные	512
3231890	Пресс-клещи	8
1815755	Приборы для чистки аквариумов	54
529652	Приборы измерительные электрические	175
309069	Принадлежности для дрессуры	10
214944	Принтер	563
30882	Приправы и специи	10698
3231021	Приставка контактная	15
3231149	Приставки выдержки времени ПВН (для контакторов КМН и КТН)	12
381998	Присыпка детская	368
322553	Прищепки	74
443493	Пробиотики, бактерийные препараты	77
3948169	Провод высоковольтный автомобильный	55
3753839	Провод стартовый автомобильный	42
3231901	Провода самонесущие изолированные для ЛЭП	10
28312	Продукты быстрого приготовления	3449
330591	Продукты питания	193943
928398	Проектор	51
3231912	Прожектор галогенный	26
3231950	Прожектор светодиодный	32
512354	Проигрыватель	68
271932	Прокладки женские	3286
995415	Прокладки урологические	42
512712	Прорезыватель детский	208
3765211	Проростки	29
3606675	Простыня	82
279312	Протеиновая сыворотка	68
279316	Протеиновые комплексы	265
330554	Противень	283
3608468	Противень для запекания	484
2422433	Противоаллергические	34
443298	Противоастматические	52
441258	Противовирусные внутреннего применения	53
441260	Противовирусные наружного применения	171
4814017	Противовирусные, иммуномодуляторы	33
397902	Противовоспалительные НПВС внутренние	273
441955	Противовоспалительные НПВС наружные	78
2418082	Противовоспалительные НПВС Обезболивающие, жаропониж. спазмалитики	100
510410	Противовоспалительные стероидные внутренние	7
439870	Противовоспалительные стероидные наружные	175
442944	Противогрибковые внутреннего применения	77
442055	Противогрибковые наружного применения	82
441994	Противодиабетические (гипогликемические)	67
444804	Противозачаточные гормональные (внутр)	19
460129	Противозачаточные наружного применения	12
362333	Противокашлевые (бронхолитики, секретолитики...)	359
332173	Противоопухолевые, радиопротекторы	10
442918	Противопедикулезные	22
442643	Противопростудные, противогриппозные (комбинир)	158
459349	Противорвотные	14
450886	Противоязвенные	107
1367334	Профессионально-бытовые игровые наборы	431
3231996	Пружины ПРПД	8
717566	Прыгуны	106
804438	Пряжа	149
5	Пряник	2322
2416902	Психотропные, антидепрессанты, противопаркенс., противосудорожные	48
38685	Птица замороженная	215
3944415	Птица маринованная	1
100955	Птица охлажденная	54
3607126	Птица разделанная	68
3673186	Птица тушка	56
272015	Пудра	2815
981464	Пульт дистанционного управления	140
3231785	Пульты кнопочные ПКТ	12
3232070	Пускатели ручные кнопочные	50
3231652	Пускатели электромагнитные ПМ12	84
1360926	Пускорегулирующая аппаратура	282
109956	Пылесос	619
52883	Пюре детское	1338
2255231	Пюре детское мясное и рыбное	28
2255233	Пюре детское овощное и фруктовое	224
368509	Пятновыводитель	279
2750348	Радар-детектор	49
206249	Радиоприемник	171
178797	Радиостанция	17
3610450	Разветвители прикуривателя	47
272108	Разделитель листов	111
3230666	Разрядник	34
3232649	Разъединители РЕ19	18
3232172	Разъем	50
3224567	Разъем электрический промышленный	56
3948166	Разъем электрический силовой	104
3948168	Рамка автомобильная	77
806296	Рамка электромонтажная	1255
514022	Ранец	972
441241	Ранозаживляющие, повыш регенерацию	98
517324	Рапидограф	61
457262	Раскраска	3669
514467	Расписание уроков	128
320101	Распылитель для аквариума	82
3232552	Рассеиватели для светильников	54
342378	Раствор для контактных линз	131
225979	Растворитель	296
2506018	Растворитель фармакологический	493
1817984	Растения искусственные	407
214365	Расческа	1498
503406	Регистратор офисный	864
451077	Регуляторы эректильной дисфункции	95
498142	Резак для бумаги	29
515227	Резинка банковская	114
515241	Резинки для волос	425
449222	Рекламные материалы	55
808848	Реле	370
3223939	Реле времени	100
3223915	Реле контроля напряжения	30
3233024	Реле контроля уровня	10
3225651	Реле контроля фаз	6
3232213	Реле промежуточное	128
3231776	Реле токовое электронное	31
3233617	Реле электротепловое	72
3808896	Ремонт колесных шин и шиномонтаж	26
331155	Репеллент	421
1118103	Ресницы накладные	130
3226857	Ретро изолятор	25
3232868	Ретро провод	62
515377	Решетка вентиляционная	148
515452	Решетка для водостока	13
23967	Рис	1332
3605398	Роботы и трансформеры	176
810458	Розетка телефонная	61
515770	Розетка электрическая	1692
3233498	Розетки на DIN-рейку (РД-47, РАр10)	4
111587	Ром	1590
2074200	РОСМЭН	746
2256464	Рубашка	1024
3625969	Рубашки/сорочки	133
3232999	Рубильник	74
712988	Рукоделие	840
272370	Рулет кондитерский	900
516315	Рулетка	195
2439	Румяна	1508
2226383	Русский стиль	47
20596	Ручки	1296
20582	Ручки гелевые	1966
237113	Ручки капиллярные	81
811875	Ручки масляные	14
262640	Ручки перьевые	108
179022	Ручки подарочные	299
517326	Ручки роллеры	205
179066	Ручки шариковые	5433
115797	Рыба	6797
2228882	Рыба горячего копчения	107
97152	Рыба живая и охлажденная	52
3609100	Рыба замороженная	202
36625	Рыба копченая	97
1819587	Рыба мороженная	121
3605669	Рыба охлажденная	239
36877	Рыба свежемороженая	662
22645	Рыба соленая	1113
1661897	Рыба сушеная вяленая	312
263557	Рыба холодного копчения	577
562237	Рыбалка	495
1819807	Рыбная гастрономия фасованная	355
36552	Рыбные полуфабрикаты	269
241936	Рыболовная леска	61
241617	Рыболовные аксессуары	317
242079	Рыболовные крючки	43
241571	Рыболовные поплавки	100
241981	Рыболовные приманки	1056
518698	Рюкзак	3234
3605840	Ряженка	79
2228248	Садовые предметы интерьера	1383
33235	Садовый инвентарь	903
3610740	Саженцы	659
172638	Саке	202
273176	Салат	2103
323381	Салатник	5749
3613520	Сало	9
1276	Салфетки	8627
499	Салфетки влажные	3144
340956	Салфетки детские	427
520370	Салфетки медицинские	14
1302935	Самокат	37
520539	Саморез	1887
2506071	Санки	299
278405	Сантехника	1699
3612913	Сапоги резиновые	101
40988	Сахар	1926
521883	Сахарница	1026
297907	Сварочные аппараты и принадлежности	120
521980	Сверло	1161
344338	Сверло по бетону	299
238059	Сверло по дереву	296
344177	Сверло по металлу	628
232164	Светильник	10164
3225600	Светильник LED	234
3233986	Светильник аварийный	9
3233999	Светильник вандалоустойчивый	4
3234006	Светильник взрывозащищенный	9
3234018	Светильник встраиваемый	153
3234183	Светильник декоративный	32
3233996	Светильник настольный	103
3233893	Светильник садово-парковый	358
314252	Светильники и лампы для аквариума	144
1661846	Светосигнальная арматура	663
3900482	Свеча зажигания	200
14599	Свечи	4990
4829069	Свечи, мази, гели, кольцо, спирали	21
3670541	Свинина тушеная	16
2229870	СВСД	31
1187868	Сдоба	133
1183003	Сезонный товар	164
179159	Сейфы, шкафы металлические	92
2952721	Секатор	227
3612234	Сельдь	290
324395	Семена	19566
328051	Семена газонная трава	8
3619917	Семена и луковичные	3506
1305382	Семечки	2049
522644	Сендвичница	5
1823401	Сено, опилки для грызунов	15
2753371	Серверные аксессуары	2
326170	Сервиз	436
261150	Сервировка вина	79
439923	Сердечно-сосудистые (Антиаритмики, нитраты, антисклеротич)	211
2418096	Сердечные, гипотензивные	224
179163	Сертификат-бумага	9
225649	Сетевое оборудование и кабели	10
2716099	Сетевые и интерфейсные шнуры	417
2713945	Сетевые карты	6
116798	Сигареты	19313
3618868	Сигареты электронные	175
522896	Сигариллы	865
347382	Сигары	1139
4855219	Сигнализация автономная	1
3611060	Сидр	211
825927	Сироп	358
1662816	Сиропы, конфитюры диабет	1
2716840	Система видеонаблюдения	88
2765679	Система охлаждения для цифровой техники	211
238162	Системный блок	35
4834672	Системы видеонаблюдения	76
826246	Скакалка	45
215115	Сканер	116
523282	Скатерть	2856
523324	Скейтборд	90
3235445	Скоба монтажная	17
1201379	Скобяные изделия	1395
326370	Сковорода	4761
326569	Скороварка	24
235562	Скоросшиватель	1002
228291	Скотч	521
16248	Скраб	712
495109	Скрепки	478
439825	Слабительные и ветрогонные	64
144731	Слабоалкогольные напитки	3588
1373122	Сливки взбитые	73
510461	Слюнявчик детский	8
274160	Смазка техническая	467
1719834	Смартфон	263
55864	Смеси детские	167
3605664	Смеси сухофруктов и орехов	78
232258	Смеситель сантехнический	971
99618	Сметана	3142
260335	Снэки	2789
483064	Снэки кукурузные	768
37056	Снэки рыбные и мясные	1741
118900	Сода	21
38982	Соевые продукты	242
38459	Соевые продукты сухие диабет	91
300407	Соединяющие	179
17374	Сок	19733
497666	Сок детский	496
524464	Соковыжималка	316
3687183	Соломка, хлебные палочки	40
24365	Соль	618
3855	Соль для ванн	1600
372564	Сорочка	2083
830025	Сорочка женская	14
430438	Сорочка мужская	1352
1824443	Сорочка ночная	183
113685	Сосиски, сардельки	4270
513167	Соска детская	1288
3608814	Соска детская для бутылочки	223
2417668	Сосудистые, статины	129
326700	Сотейник	316
545856	Соус	9108
453365	Спазмолитики, холецистолитики	51
279363	Специальные продукты	454
525177	Спираль внутриматочная	22
39891	Спички	113
550638	Спорт	5431
278582	Спорт и отдых	462
1807611	Спортивное питание	119
442891	Средства влияющие на метаболизм (антиоксиданты)	7
454454	Средства влияющие на мускулатуру матки	1
659327	Средства для аквариумной воды	98
1105	Средства для бритья	2168
901504	Средства для бровей	8
1444039	Средства для глажения	30
357991	Средства для завивки	10
442265	Средства для лечения отитов, ушные капли	18
445515	Средства для лечения простатита	40
584955	Средства для лечения/Растения	26
443311	Средства заместительной терапии прочие (K,Ca,Mg,F...)	30
309084	Средства защиты растений	122
332767	Средства коррекции фигуры, регуляторы аппетита	44
318069	Средства от болезней растений	13
441199	Средства от синдрома похмелья	63
297516	Средства против грызунов	153
102	Средства против насекомых	1134
749170	Средства содержания/Комплексное	2
439693	Средства улучшающие пищеварение (ферменты...)	81
591720	Средства ухода за животными	49
2260116	Средство для мытья полов	164
274405	Средство для мытья посуды	3307
521821	Средство для мытья стекол	437
525385	Средство для обработки дерева	109
181424	Средство для посудомоечных машин	278
163	Средство для стирки	4418
366026	Средство для умывания	414
180898	Средство для ухода за изделиями из кожи	21
348632	Средство от укусов насекомых	40
3235660	Стабилизатор напряжения	34
773402	Стакан	2418
1351411	Стакан-непроливайка	62
344414	Стамеска	159
278768	Станки бритвенные	1334
832274	Статуэтка	424
3614934	Стеклоомыватель	79
332038	Стельки	760
2615775	Стемпинг	24
526118	Стержень для ручки	305
832787	Стержень для ручки шариковый	336
526419	Стикер	18
526431	Стиральная машина	136
235	Стиральный порошок	4363
833493	Стол	47
1826439	Столовое белье	99
226976	Столовые приборы	406
456136	Столярные изделия	762
180538	Стразы	62
615329	Строительные материалы	708
344725	Струбцина	80
3948178	Стул	309
1226940	Субпродукты	58
3541537	Сувенир	8658
834419	Сувенир полистоун	190
331590	Сувенирное оружие	49
2221949	Сувениры пасхальные	282
527220	Сумка	1959
527321	Сумка детская	235
3235801	Сумка для инструментов	6
527395	Сумка для ноутбука	338
527416	Сумка для обуви	960
527492	Сумка дорожная	27
527494	Сумка женская	444
527297	Сумка молодежная	743
2765683	Сумки и чехлы для электронных устройств	1500
3210952	Суп	1059
3610619	Суп быстрого приготовления	248
1316161	Сухари панировочные	195
676644	Сухари, сушки, баранки	765
1202446	Сухарики	2101
1827197	Сухие напитки	46
25936	Сухофрукты	1919
383145	Суши	79
527924	Сушилка бытовая	635
177948	Сушилка для рук	6
527965	Сушильные машины	6
3235818	Счетчик электроэнергии	16
574475	Считыватели карт (картридеры)	61
3917988	Съемники стопорных колец	5
391607	Сыворотка для волос	145
142810	Сыр	6942
76203	Сыр мягкий	872
3545748	Сыр плавленый	2333
2260623	Сыр рассольный	97
3614808	Сыр с плесенью	25
2238224	Сыр свежий	88
124690	Сыр твердый и полутвердый	1093
2260630	Сыр творожный	185
2260702	Сыр элитный из козьего и овечьего молока	25
2260614	Сыр элитный фасованный	74
1318164	Сырок	636
3767116	Сырок глазированный	91
336038	Табак	1018
38814	Табакокурение	1072
1714427	Таблички и вывески	1013
327218	Таз	980
3235912	Таймер	53
278661	Тампоны женские	599
837370	Тапочки	741
327266	Тарелка	6289
839217	Тарталетки	78
496652	Тату	39
3005387	Творог	316
38969	Творог и творожные	5790
3625331	Творог упакованный продающийся на вес (2)	7
1319873	Творожок	95
1356639	Творчество	2122
25959	Текила	1398
17402	Текстиль для дома	2487
515734	Текстурное покрытие	59
839788	Телевизор	609
1522725	Телекоммуникационные системы	2
632983	Телефон мобильный	201
167368	Телефоны и факсы	401
1249	Тени для век	8197
529179	Тепловентилятор	192
1484381	Теплый пол	142
327595	Терка	64
840786	Термобелье	182
309573	Термометр	576
3552571	Термопот	147
529461	Термос	1365
841204	Термостат	32
595894	Террариум	30
353407	Тест беременности и овуляции	364
128690	Тесто	386
3610531	Тесто замороженное	140
179452	Тетрадь	17080
507558	Тетрадь дизайнерская	14
179679	Тетрадь для нот, дневник для муз. школы	140
529792	Тетрадь на кольцах	102
179720	Тетрадь предметная	1682
530775	Тетрадь специальная	27
2220725	Технопарк	414
149195	Товары для вечеринок	652
3708771	Товары для грузынов	9
337447	Товары для душа и ванны	3421
3605276	Товары для кемпинга	1009
3620858	Товары для кошек	153
140298	Товары для праздника	1443
3654587	Товары для птиц	6
561877	Товары для садоводства	2665
3617088	Товары для собак	294
331156	Товары для художников	22373
4806318	Товары ТВ-Шоп	21
3633123	Толстовка	615
1280129	Томатная паста	1582
3610496	Томаты консервированные	114
1833118	Тональные средства	265
533906	Тоник для лица	192
487628	Тонометр	421
388788	Топ женский	75
907802	Топливо	723
344427	Топор	265
276025	Тормозная жидкость	99
476443	Торт	8201
534121	Торт вафельный	480
3923521	Тосол	49
534262	Тостер	162
534278	Точилка для карандашей	1044
534287	Точилка для косметических карандашей	53
637982	Транспортировка детей	391
303859	Транспортировка и складирование	64
3230741	Трансформатор понижающий	57
3235841	Трансформатор тока	318
534730	Трансформатор электрический	82
495336	Трафареты, лекала	183
535118	Триммер	50
3230105	Трубка монтажная термоусаживаемая	474
34242	Трубочки для коктейля	185
17628	Трусы	5134
334684	Трусы для девочек	352
347445	Трусы для мальчиков	330
361002	Трусы женские	8533
430347	Трусы мужские	4894
535340	Тряпка для пола	248
1039	Туалетная вода	20904
294284	Туалетный утенок	39
314142	Туалеты, совки	343
535836	Тубус	19
1836865	Тумба для аквариума	18
145188	Туризм	178
849535	Туфли	1286
535866	Тушь	96
2472	Тушь для ресниц	2701
3568149	Уайт-спирит	46
179868	Увлажнители для пальцев	19
3614638	Увлажнитель воздуха	34
2494899	Уголь художественный	2
241624	Удилища	38
536378	Удлинитель антенный	17
536231	Удлинитель электрический	1401
276445	Удобрения	1496
536460	Указка	7
1837031	Украшения для животных	123
26041	Уксус	1308
4850046	Ультрабук	8
2229862	Умка	507
3604469	Умный дом	22
3608219	Упаковка	1045
287296	Упаковка подарочная	4505
330599	Уровень	370
445741	Урологические (выводящие мочевые конкременты...)	35
3229847	Устройства для КТН - механизмы блокировки	8
1216042	Утеплитель	11
131927	Утюг	1108
28	Уход за волосами	6050
1045095	Уход за губами	523
337649	Уход за детьми	9031
203	Уход за зубами и ртом	1786
32377	Уход за кожей	1380
961989	Уход за лицом	2666
331979	Уход за ногами	839
594	Уход за обувью	1721
443664	Уход за оргтехникой	84
891338	Уход за руками	82
897047	Уход за телом	1455
673172	Учебно-просветительная литература	774
536784	Файлы	110
537031	Фартук, нарукавники	262
36444	Фен	1068
3230129	Фен технический	2
1726736	Феникс ( ПФ Невская Трапеза ЗАО)	7
537210	Фигурка декоративная	886
1364437	Фигурки, роботы, животные	1023
2496079	Фиксатив	10
3934319	Фильтр воздушный	147
179917	Фильтр для воды	333
1402154	Фильтр для кофе	38
537299	Фильтр для пылесоса	19
3620768	Фильтр масляный	125
3934490	Фильтр салона автомобиля	13
536405	Фильтр сетевой	349
3933148	Фильтр топливный	88
3616373	Финики	20
3605455	Фисташки	70
276607	Фиточай	1422
21717	Фломастеры	2749
713210	Фокусы	67
33227	Фольга	322
496348	Фольга цветная	16
181344	Фонарь	1936
538831	Форма кулинарная	2093
133309	Фотоальбом	2503
179988	Фотобумага	362
1346833	Фотовспышка	15
180003	Фотокамеры и аксессуары	223
928436	Фотообъектив	96
240396	Фотопленка	50
33611	Фоторамка	4131
3225141	Фотореле	11
988413	Фрукты и овощи	356
36707	Фрукты свежие	488
3637019	Фрукты экзотические	95
337253	Фумигатор	244
2506068	Фурнитура	406
704834	Фурнитура дверная	160
266714	Фурнитура для штор	127
462703	Футбол	82
857677	Футболка	9200
371816	Футболка для девочек	238
383633	Футболка для мальчиков	267
386769	Футболка женская	1516
430402	Футболка мужская	1107
1840203	Футляр для телефона	138
1840215	Футляр для фотокамеры	185
539699	Футляры для ручек	14
2765720	Фуфайка	4396
859152	Халат	715
329006	Халва	580
1336849	Херес	32
938857	Химико-маскательные товары	70
379625	Химическая завивка	35
558225	Хлеб	3129
3914477	Хлеб зерновой	13
3780861	Хлеб пшеничный	51
3914486	Хлеб ржано-пшеничный	21
3914523	Хлеб этнический	10
1709997	Хлебница	388
40119	Хлебо-булочные изделия	3846
539857	Хлебопечь	79
49503	Хлебцы	1429
539918	Хна	144
2762787	Ходунки	68
3536	Хозяйственные товары	13821
462696	Хоккей	69
452773	Холодильник	230
186980	Холодный чай	970
540146	Холст художественный	388
1710098	Хомут	334
3939131	Хомут автомобильный	42
3226775	Хомут монтажный	237
2429412	Хондропротектор	11
143343	Хрен	389
1841564	Художественная литература	235
1351563	Цветы	152
3610735	Цветы горшечные	932
1351413	Цветы искусственные	273
3610738	Цветы срезанные	372
1292247	Цемент	4
1841610	Цепи, тросы	7
540564	Цикорий	469
233721	Циркуль	200
330564	Цифровая техника (неклассифицированные)	6394
439945	ЦНС Аналептики, противосудорожные	272
439920	ЦНС Седативные и снотворные	388
21794	Чай	22670
135886	Чай детский	128
541137	Чайник	6150
3613148	Чайник заварочный, кофейник	239
871514	Чайный набор	2310
2506298	Чайный напиток	496
295931	Часы	1363
329250	Часы песочные	39
329236	Чашка	483
443666	Чернила	26
214972	Чернила для принтера	331
2011058	Чехол для одежды	255
18673	Чипсы и снэки	7560
6693	Чистящие моющие средства	5073
330539	Чулки	887
2206	Чулочно-носочные изделия	1986
541713	Шайба	134
3237950	Шайбы монтажная	10
1412	Шампунь	16601
1382789	Шампунь детский	176
345236	Шампунь для животных	620
865398	Шарф	962
179821	Шары воздушные	880
434842	Швабра	1379
285832	Швейные принадлежности	115
3622376	Шейка	191
2496499	Шейкер	33
542923	Шило	14
2275302	ШиШ	102
329651	Шкатулка	831
3948177	Шкаф	218
1360876	Шкафы и принадлежности	91
3223912	Шкафы и щиты (корпуса) для НВА	632
3605381	Школьная галантерея	450
543020	Шланг	24
1844469	Шлейка	572
2273006	Шляпа	49
451035	Шнур бытовой	329
432303	Шнурки для обуви	225
19677	Шоколад	11768
3604888	Шоколад фигурный	460
29993	Шоколадная паста	273
3607322	Шоколадный батончик	254
867954	Шорты	2111
365794	Шорты женские	139
384231	Шпаклевка	240
330610	Шпатель	627
543585	Шпатлевка	302
3607426	Шпиг	144
2274861	Шприц инсулиновый	260
543617	Шприц медицинский	365
3945372	Шприц плунжерный	6
3619474	Шпроты	871
543671	Шредер	243
330102	Штопор	379
434427	Штора для ванны	575
33381	Шторы	319
3617283	Шторы автомобильные солнцезащитные	12
543843	Штукатурка	118
3238428	Шуруповерт	188
543871	Шурупы	338
211737	Щетка для волос	696
544138	Щетка для обуви	104
544232	Щетка для одежды	220
1414878	Щетка стеклоочистителя	733
544137	Щетка хозяйственная	617
544355	Щипцы для волос	294
869759	Щит распределительный	221
3230861	Щиток электрический осветительный	3
3634280	Экибана	21
3607755	Эл. игры и игрушки	134
2506045	Электродвигатель	169
241498	Электроды	69
4857881	Электроинстументы/Станки заточные (точило)	2
686230	Электронные компоненты	635
297628	Электрооборудование	24760
3835964	Электроподогреватель	21
278327	Электротовары	971
3223907	Электроустановочные аксессуары	324
3224037	Электроустановочные изделия	854
3233796	Электрощит в сборе	47
3238736	Электрощитовой ящик с блоком рубильник-предохранитель	5
482588	Эмаль	3018
296462	Эмаль алкидная	525
545353	Эпилятор	165
870814	Эспандер	101
2765684	Этажерка	363
545503	Этикетки, этикет лента	378
871043	Юбка	2509
3647474	Ягоды	106
2230206	Ягоды замороженые	126
2228838	Ягоды свежие	38
142624	Яйцо	573
3668495	Яйцо куриное	775
3737152	Яйцо перепелиное	20
180158	Ящик для денег	12
344013	Ящик для инструментов	185
